system,system_ontology,organ,organ_ontology,organ_tax2,organ_tax2_ontology,organ_tax3,organ_tax3_ontology,organ_tax4,organ_tax4_ontology,organ_tax5,organ_tax5_ontology,organ_tax6,organ_tax6_ontology,organ_tax7,organ_tax7_ontology,organ_tax8,organ_tax8_ontology,organ_tax9,organ_tax9_ontology,organ_tax10,organ_tax10_ontology
,,abdomen,UBERON:0000916,ascitic fluid,UBERON:0007795,,,,,,,,,,,,,,,,
,,abdomen,UBERON:0000916,visceral abdominal adipose tissue,UBERON:0014454,,,,,,,,,,,,,,,,
,,abdomen,UBERON:0000916,abdomen connective tissue,UBERON:0003567,adipose tissue of abdominal region,UBERON:0007808,,,,,,,,,,,,,,
,,adipose tissue,UBERON:0001013,fat pad,UBERON:0003916,interscapular fat pad,UBERON:0014396,,,,,,,,,,,,,,
,,adipose tissue,UBERON:0001013,fat pad,UBERON:0003916,mesenteric fat pad,UBERON:0015143,,,,,,,,,,,,,,
,,adipose tissue,UBERON:0001013,brown adipose tissue,UBERON:0001348,,,,,,,,,,,,,,,,
,,adipose tissue,UBERON:0001013,white adipose tissue,UBERON:0001347,,,,,,,,,,,,,,,,
,,adipose tissue,UBERON:0001013,subcutaneous adipose tissue,UBERON:0002190,,,,,,,,,,,,,,,,
,,adipose tissue,UBERON:0001013,subcutaneous abdominal adipose tissue,UBERON:0014455,,,,,,,,,,,,,,,,
,,adventitia,UBERON:0005742,,,,,,,,,,,,,,,,,,
,,amniotic fluid,UBERON:0000173,,,,,,,,,,,,,,,,,,
,,alimentary part of gastrointestinal system,UBERON:0005409,,,,,,,,,,,,,,,,,,
,,blood,UBERON:0000178,blood plasma,UBERON:0001969,blood serum,UBERON:0001977,,,,,,,,,,,,,,
,,blood,UBERON:0000178,venous blood,UBERON:0013756,,,,,,,,,,,,,,,,
,,blood vessel,UBERON:0001981,arterial blood vessel,UBERON:0003509,artery,UBERON:0001637,tibial artery,UBERON:0007610,,,,,,,,,,,,
,,blood vessel,UBERON:0001981,umbilical blood vessel,UBERON:0010260,umbilical vein,UBERON:0002066,,,,,,,,,,,,,,
,,blood vessel,UBERON:0001981,arterial blood vessel,UBERON:0003509,artery,UBERON:0001637,common carotid artery plus branches,UBERON:0001530,,,,,,,,,,,,
,,blood vessel,UBERON:0001981,arterial blood vessel,UBERON:0003509,aorta,UBERON:0000947,mesenteric artery,UBERON:0005616,,,,,,,,,,,,
,,blood vessel,UBERON:0001981,limb blood vessel,UBERON:0003514,basilic vein,UBERON:0001411,median basilic vein,UBERON:0001414,,,,,,,,,,,,
,,bladder organ,UBERON:0018707,,,,,,,,,,,,,,,,,,
,,bodily fluid,UBERON:0006314,coelomic fluid,UBERON:0036217,peritoneal fluid,UBERON:0001268,,,,,,,,,,,,,,
,,bodily fluid,UBERON:0006314,secretion of serous gland,UBERON:0007794,synovial fluid,UBERON:0001090,,,,,,,,,,,,,,
,,bodily fluid,UBERON:0006314,cerebrospinal fluid,UBERON:0001359,,,,,,,,,,,,,,,,
,,bone element,UBERON:0001474,endochondral bone,UBERON:0002513,vertebral endplate,UBERON:0014386,,,,,,,,,,,,,,
,,bone element,UBERON:0001474,periosteum,UBERON:0002515,,,,,,,,,,,,,,,,
,,bone tissue,UBERON:0002481,,,,,,,,,,,,,,,,,,
immune system,UBERON:0002405,bone marrow,UBERON:0002371,,,,,,,,,,,,,,,,,,
,,brain,UBERON:0000955,circumventricular organ,UBERON:0005408,,,,,,,,,,,,,,,,
,,brain,UBERON:0000955,forebrain,UBERON:0001890,telencephalon,UBERON:0001893,cerebral hemisphere,UBERON:0001869,lobe of cerebral hemisphere,UBERON:0016526,temporal lobe,UBERON:0001871,,,,,,,,
,,brain,UBERON:0000955,forebrain,UBERON:0001890,telencephalon,UBERON:0001893,cerebral hemisphere,UBERON:0001869,lobe of cerebral hemisphere,UBERON:0016526,olfactory lobe,UBERON:0005366,olfactory bulb,UBERON:0002264,,,,,,
,,brain,UBERON:0000955,forebrain,UBERON:0001890,telencephalon,UBERON:0001893,cerebral hemisphere,UBERON:0001869,lobe of cerebral hemisphere,UBERON:0016526,occipital lobe,UBERON:0002021,occipital cortex,UBERON:0016540,visual cortex,UBERON:0000411,primary visual cortex,UBERON:0002436,"primary visual area, layer 4",UBERON:0035904
,,brain,UBERON:0000955,forebrain,UBERON:0001890,telencephalon,UBERON:0001893,cerebral hemisphere,UBERON:0001869,lobe of cerebral hemisphere,UBERON:0016526,occipital lobe,UBERON:0002021,occipital cortex,UBERON:0016540,visual cortex,UBERON:0000411,primary visual cortex,UBERON:0002436,"primary visual area, layer 2/3",UBERON:0035907
,,brain,UBERON:0000955,forebrain,UBERON:0001890,telencephalon,UBERON:0001893,cerebral hemisphere,UBERON:0001869,lobe of cerebral hemisphere,UBERON:0016526,occipital lobe,UBERON:0002021,occipital cortex,UBERON:0016540,visual cortex,UBERON:0000411,primary visual cortex,UBERON:0002436,"primary visual area, layer 6a",UBERON:0035892
,,brain,UBERON:0000955,forebrain,UBERON:0001890,telencephalon,UBERON:0001893,cerebral hemisphere,UBERON:0001869,lobe of cerebral hemisphere,UBERON:0016526,occipital lobe,UBERON:0002021,occipital cortex,UBERON:0016540,visual cortex,UBERON:0000411,primary visual cortex,UBERON:0002436,"primary visual area, layer 5",UBERON:0035906
,,brain,UBERON:0000955,forebrain,UBERON:0001890,telencephalon,UBERON:0001893,cerebral hemisphere,UBERON:0001869,lobe of cerebral hemisphere,UBERON:0016526,occipital lobe,UBERON:0002021,occipital cortex,UBERON:0016540,right occipital lobe,UBERON:0002807,,,,
,,brain,UBERON:0000955,forebrain,UBERON:0001890,telencephalon,UBERON:0001893,cerebral hemisphere,UBERON:0001869,lobe of cerebral hemisphere,UBERON:0016526,frontal lobe,UBERON:0016525,frontal cortex,UBERON:0001870,,,,,,
,,brain,UBERON:0000955,forebrain,UBERON:0001890,telencephalon,UBERON:0001893,cerebral hemisphere,UBERON:0001869,lobe of cerebral hemisphere,UBERON:0016526,parietal lobe,UBERON:0001872,,,,,,,,
,,brain,UBERON:0000955,forebrain,UBERON:0001890,telencephalon,UBERON:0001893,cerebral hemisphere,UBERON:0001869,globus pallidus,UBERON:0001875,lateral globus pallidus,UBERON:0002476,right parietal lobe,UBERON:0002803,,,,,,
,,brain,UBERON:0000955,forebrain,UBERON:0001890,telencephalon,UBERON:0001893,cerebral hemisphere,UBERON:0001869,left cerebral hemisphere,UBERON:0002812,,,,,,,,,,
,,brain,UBERON:0000955,forebrain,UBERON:0001890,telencephalon,UBERON:0001893,cerebral hemisphere,UBERON:0001869,left temporal lobe,UBERON:0002808,,,,,,,,,,
,,brain,UBERON:0000955,forebrain,UBERON:0001890,telencephalon,UBERON:0001893,pallium,UBERON:0000203,cerebral cortex,UBERON:0000956,hippocampal formation,UBERON:0002421,layer of dentate gyrus,UBERON:0002304,,,,,,
,,brain,UBERON:0000955,forebrain,UBERON:0001890,telencephalon,UBERON:0001893,pallium,UBERON:0000203,cerebral cortex,UBERON:0000956,hippocampus alveus,UBERON:0007639,,,,,,,,
,,brain,UBERON:0000955,forebrain,UBERON:0001890,telencephalon,UBERON:0001893,pallium,UBERON:0000203,cerebral cortex,UBERON:0000956,neocortex,UBERON:0001950,right frontal lobe,UBERON:0002810,,,,,,
,,brain,UBERON:0000955,forebrain,UBERON:0001890,telencephalon,UBERON:0001893,pallium,UBERON:0000203,cerebral cortex,UBERON:0000956,neocortex,UBERON:0001950,superior parietal cortex,UBERON:0006094,,,,,,
,,brain,UBERON:0000955,forebrain,UBERON:0001890,telencephalon,UBERON:0001893,pallium,UBERON:0000203,cerebral cortex,UBERON:0000956,neocortex,UBERON:0001950,cortex of cerebral lobe,UBERON:0016529,temporal cortex,UBERON:0016538,,,,
,,brain,UBERON:0000955,forebrain,UBERON:0001890,telencephalon,UBERON:0001893,pallium,UBERON:0000203,cerebral cortex,UBERON:0000956,neocortex,UBERON:0001950,cortex of cerebral lobe,UBERON:0016529,parietal cortex,UBERON:0016530,primary somatosensory cortex,UBERON:0008933,,
,,brain,UBERON:0000955,forebrain,UBERON:0001890,telencephalon,UBERON:0001893,pallium,UBERON:0000203,cerebral cortex,UBERON:0000956,gyrus,UBERON:0000200,anterior cingulate gyrus,UBERON:0002756,,,,,,
,,brain,UBERON:0000955,forebrain,UBERON:0001890,telencephalon,UBERON:0001893,pallium,UBERON:0000203,cerebral cortex,UBERON:0000956,gyrus,UBERON:0000200,middle temporal gyrus,UBERON:0002771,,,,,,
,,brain,UBERON:0000955,forebrain,UBERON:0001890,telencephalon,UBERON:0001893,pallium,UBERON:0000203,cerebral cortex,UBERON:0000956,prefrontal cortex,UBERON:0000451,,,,,,,,
,,brain,UBERON:0000955,forebrain,UBERON:0001890,telencephalon,UBERON:0001893,pallium,UBERON:0000203,cerebral cortex,UBERON:0000956,auditory cortex,UBERON:0001393,primary auditory cortex,UBERON:0034751,,,,,,
,,brain,UBERON:0000955,forebrain,UBERON:0001890,telencephalon,UBERON:0001893,pallium,UBERON:0000203,cerebral cortex,UBERON:0000956,primary motor cortex,UBERON:0001384,,,,,,,,
,,brain,UBERON:0000955,forebrain,UBERON:0001890,telencephalon,UBERON:0001893,pallium,UBERON:0000203,cerebral cortex,UBERON:0000956,premotor cortex,UBERON:0016634,,,,,,,,
,,brain,UBERON:0000955,forebrain,UBERON:0001890,telencephalon,UBERON:0001893,pallium,UBERON:0000203,cerebral cortex,UBERON:0000956,central sulcus,UBERON:0002916,,,,,,,,
,,brain,UBERON:0000955,forebrain,UBERON:0001890,telencephalon,UBERON:0001893,pallium,UBERON:0000203,cerebral cortex,UBERON:0000956,dorsolateral prefrontal cortex,UBERON:0009834,,,,,,,,
,,brain,UBERON:0000955,forebrain,UBERON:0001890,telencephalon,UBERON:0001893,gray matter of telencephalon,UBERON:0011300,striatum,UBERON:0002435,,,,,,,,,,
,,brain,UBERON:0000955,forebrain,UBERON:0001890,diencephalon,UBERON:0001894,neurohypophysis,UBERON:0002198,anterior median eminence,UBERON:0002648,,,,,,,,,,
,,brain,UBERON:0000955,forebrain,UBERON:0001890,diencephalon,UBERON:0001894,thalamic complex,UBERON:0010225,dorsal plus ventral thalamus,UBERON:0001897,nucleus of thalamus,UBERON:0007692,nucleus of ventral thalamus,UBERON:0015234,endopeduncular nucleus,UBERON:0000432,,,,
,,brain,UBERON:0000955,forebrain,UBERON:0001890,diencephalon,UBERON:0001894,thalamic complex,UBERON:0010225,dorsal plus ventral thalamus,UBERON:0001897,dorsal thalamus,UBERON:0004703,,,,,,,,
,,brain,UBERON:0000955,forebrain,UBERON:0001890,diencephalon,UBERON:0001894,thalamic complex,UBERON:0010225,hypothalamus,UBERON:0001898,,,,,,,,,,
,,brain,UBERON:0000955,forebrain,UBERON:0001890,diencephalon,UBERON:0001894,thalamic complex,UBERON:0010225,dorsal plus ventral thalamus,UBERON:0001897,epithalamus,UBERON:0001899,habenula,UBERON:0001904,,,,,,
,,brain,UBERON:0000955,hindbrain,UBERON:0002028,segmental subdivision of hindbrain,UBERON:0004733,metencephalon,UBERON:0001895,cerebellum,UBERON:0002037,cerebellar cortex,UBERON:0002129,,,,,,,,
,,brain,UBERON:0000955,cerebral subcortex,UBERON:0000454,collection of basal ganglia,UBERON:0010011,basal ganglion,UBERON:0002420,substantia nigra,UBERON:0002038,,,,,,,,,,
,,brain,UBERON:0000955,midbrain,UBERON:0001891,midbrain tegmentum,UBERON:0001943,ventral tegmental area,UBERON:0002691,,,,,,,,,,,,
,,brain,UBERON:0000955,midbrain,UBERON:0001891,midbrain tectum,UBERON:0002314,inferior colliculus,UBERON:0001946,,,,,,,,,,,,
,,brain,UBERON:0000955,nucleus of brain,UBERON:0002308,locus ceruleus,UBERON:0002148,,,,,,,,,,,,,,
,,brain,UBERON:0000955,ventricular zone,UBERON:0003053,,,,,,,,,,,,,,,,
,,breast,UBERON:0000310,breast epithelium,UBERON:0008367,,,,,,,,,,,,,,,,
,,breast,UBERON:0000310,upper outer quadrant of breast,UBERON:0035328,,,,,,,,,,,,,,,,
respiratory tract,UBERON:0000065,bronchus,UBERON:0002185,epithelium of bronchus,UBERON:0002031,,,,,,,,,,,,,,,,
respiratory tract,UBERON:0000065,bronchus,UBERON:0002185,terminal bronchus epithelium,UBERON:0004818,,,,,,,,,,,,,,,,
respiratory tract,UBERON:0000065,larynx,UBERON:0001737,glottis,UBERON:0002486,laryngeal vocal fold,UBERON:0003706,,,,,,,,,,,,,,
digestive tract,UBERON:0001555,stomach,UBERON:0000945,body of stomach,UBERON:0001161,,,,,,,,,,,,,,,,
digestive tract,UBERON:0001555,stomach,UBERON:0000945,gastric gland,UBERON:0000325,,,,,,,,,,,,,,,,
digestive tract,UBERON:0001555,stomach,UBERON:0000945,epithelium of stomach,UBERON:0001276,gastric gland,UBERON:0000325,pyloric gastric gland,UBERON:0008861,,,,,,,,,,,,
,,calcareous tooth,UBERON:0001091,molariform tooth,UBERON:0013164,molar tooth,UBERON:0003655,,,,,,,,,,,,,,
,,calcareous tooth,UBERON:0001091,molariform tooth,UBERON:0013164,premolar tooth,UBERON:0007120,,,,,,,,,,,,,,
,,calcareous tooth,UBERON:0001091,dental pulp,UBERON:0001754,,,,,,,,,,,,,,,,
,,calcareous tooth,UBERON:0001091,deciduous tooth,UBERON:0007115,,,,,,,,,,,,,,,,
,,connective tissue,UBERON:0002384,,,,,,,,,,,,,,,,,,
,,dentition,UBERON:0003672,periodontium,UBERON:0001758,periodontal ligament,UBERON:0008266,,,,,,,,,,,,,,
,,ear,UBERON:0001690,internal ear,UBERON:0001846,cochlea,UBERON:0001844,,,,,,,,,,,,,,
,,ear,UBERON:0001690,internal ear,UBERON:0001846,basilar membrane of cochlea,UBERON:0002226,,,,,,,,,,,,,,
,,epithelium,UBERON:0000483,squamous epithelium,UBERON:0006914,,,,,,,,,,,,,,,,
digestive tract,UBERON:0001555,esophagus,UBERON:0001043,,,,,,,,,,,,,,,,,,
,,esophagus,UBERON:0001043,esophagus muscularis mucosa,UBERON:0004648,,,,,,,,,,,,,,,,
,,esophagus,UBERON:0001043,esophagus mucosa,UBERON:0002469,,,,,,,,,,,,,,,,
,,esophagus,UBERON:0001043,esophagogastric junction,UBERON:0007650,,,,,,,,,,,,,,,,
,,layer of synovial tissue,UBERON:0007616,,,,,,,,,,,,,,,,,,
digestive tract,UBERON:0001555,intestine,UBERON:0000160,,,,,,,,,,,,,,,,,,
digestive tract,UBERON:0001555,mouth,UBERON:0000165,tongue,UBERON:0001723,,,,,,,,,,,,,,,,
digestive tract,UBERON:0001555,mouth,UBERON:0000165,oral cavity,UBERON:0000167,,,,,,,,,,,,,,,,
digestive tract,UBERON:0001555,mouth,UBERON:0000165,mouth mucosa,UBERON:0003729,gingiva,UBERON:0001828,,,,,,,,,,,,,,
digestive tract,UBERON:0001555,pharynx,UBERON:0006562,chordate pharynx,UBERON:0001042,tonsillar ring,UBERON:0001735,tonsil,UBERON:0002372,palatine tonsil,UBERON:0002373,,,,,,,,,,
digestive tract,UBERON:0001555,bile duct,UBERON:0002394,extrahepatic bile duct,UBERON:0003703,common bile duct,UBERON:0001174,,,,,,,,,,,,,,
,,embryo,UBERON:0000922,ear vesicle,UBERON:0003051,,,,,,,,,,,,,,,,
,,embryo,UBERON:0000922,embryonic structure,UBERON:0002050,blastocyst,UBERON:0000358,,,,,,,,,,,,,,
,,embryo,UBERON:0000922,embryonic structure,UBERON:0002050,inner cell mass,UBERON:0000087,,,,,,,,,,,,,,
,,embryo,UBERON:0000922,embryonic structure,UBERON:0002050,anterior neural tube,UBERON:0003080,,,,,,,,,,,,,,
,,embryo,UBERON:0000922,embryonic structure,UBERON:0002050,epiblast (generic),UBERON:0002532,,,,,,,,,,,,,,
,,embryo,UBERON:0000922,embryonic structure,UBERON:0002050,presumptive gut,UBERON:0007026,,,,,,,,,,,,,,
,,embryo,UBERON:0000922,embryonic structure,UBERON:0002050,embryonic tissue,UBERON:0005291,endoderm,UBERON:0000925,,,,,,,,,,,,
,,embryo,UBERON:0000922,entire embryonic mesenchyme,UBERON:0009142,,,,,,,,,,,,,,,,
,,embryo,UBERON:0000922,morula,UBERON:0000085,,,,,,,,,,,,,,,,
,,embryo,UBERON:0000922,morula,UBERON:0000085,,,,,,,,,,,,,,,,
,,embryo,UBERON:0000922,primitive streak,UBERON:0004341,,,,,,,,,,,,,,,,
,,embryo,UBERON:0000922,olfactory placode,UBERON:0003050,,,,,,,,,,,,,,,,
,,embryo,UBERON:0000922,ganglionic eminence,UBERON:0004023,,,,,,,,,,,,,,,,
,,embryo,UBERON:0000922,germ layer,UBERON:0000923,,,,,,,,,,,,,,,,
,,embryo,UBERON:0000922,future brain,UBERON:0006238,,,,,,,,,,,,,,,,
,,embryo,UBERON:0000922,pronephros,UBERON:0002120,,,,,,,,,,,,,,,,
,,embryo,UBERON:0000922,future cardiac ventricle,UBERON:0006283,,,,,,,,,,,,,,,,
,,embryo,UBERON:0000922,insect embryonic brain,UBERON:6001060,,,,,,,,,,,,,,,,
,,embryo,UBERON:0000922,pancreatic epithelial bud,UBERON:0003922,,,,,,,,,,,,,,,,
,,embryo,UBERON:0000922,embryoid body,UBERON:0014374,,,,,,,,,,,,,,,,
,,embryo,UBERON:0000922,proamniotic cavity,UBERON:0009742,,,,,,,,,,,,,,,,
,,eye,UBERON:0000970,photoreceptor array,UBERON:0005388,retina,UBERON:0000966,layer of retina,UBERON:0001781,retinal neural layer,UBERON:0003902,,,,,,,,,,
,,eye,UBERON:0000970,photoreceptor array,UBERON:0005388,retina,UBERON:0000966,layer of retina,UBERON:0001781,sublaminar layer S5,UBERON:0008926,,,,,,,,,,
,,eye,UBERON:0000970,photoreceptor array,UBERON:0005388,retina,UBERON:0000966,layer of retina,UBERON:0001781,pigmented layer of retina,UBERON:0001782,,,,,,,,,,
,,eye,UBERON:0000970,photoreceptor array,UBERON:0005388,retina,UBERON:0000966,layer of retina,UBERON:0001781,inner nuclear layer of retina,UBERON:0001791,,,,,,,,,,
,,eye,UBERON:0000970,photoreceptor array,UBERON:0005388,retina,UBERON:0000966,macula lutea,UBERON:0000053,fovea centralis,UBERON:0001786,,,,,,,,,,
,,eye,UBERON:0000970,photoreceptor array,UBERON:0005388,retina,UBERON:0000966,macula lutea,UBERON:0000053,perifoveal part of retina,UBERON:0018105,,,,,,,,,,
,,eye,UBERON:0000970,photoreceptor array,UBERON:0005388,retina,UBERON:0000966,peripheral region of retina,UBERON:0013682,,,,,,,,,,,,
,,eye,UBERON:0000970,simple eye,UBERON:0000047,camera-type eye,UBERON:0000019,eyeball of camera-type eye,UBERON:0010230,anterior segment of eyeball,UBERON:0001801,uvea,UBERON:0001768,,,,,,,,
,,eye,UBERON:0000970,simple eye,UBERON:0000047,camera-type eye,UBERON:0000019,corneo-scleral junction,UBERON:0006761,,,,,,,,,,,,
,,eye,UBERON:0000970,simple eye,UBERON:0000047,camera-type eye,UBERON:0000019,cornea,UBERON:0000964,,,,,,,,,,,,
,,eye,UBERON:0000970,eye gland,UBERON:0004859,lacrimal gland,UBERON:0001817,,,,,,,,,,,,,,
,,eye,UBERON:0000970,eye epithelium,UBERON:0015808,corneal endothelium,UBERON:0001985,,,,,,,,,,,,,,
,,eye,UBERON:0000970,eye epithelium,UBERON:0015808,corneal epithelium,UBERON:0001772,,,,,,,,,,,,,,
,,fallopian tube,UBERON:0003889,,,,,,,,,,,,,,,,,,
,,gall bladder,UBERON:0002110,,,,,,,,,,,,,,,,,,
reproductive gland,UBERON:0003937,prostate gland,UBERON:0002367,transition zone of prostate,UBERON:8410025,,,,,,,,,,,,,,,,
reproductive gland,UBERON:0003937,prostate gland,UBERON:0002367,peripheral zone of prostate,UBERON:8410026,,,,,,,,,,,,,,,,
endocrine gland,UBERON:0002368,thyroid gland,UBERON:0002046,,,,,,,,,,,,,,,,,,
endocrine gland,UBERON:0002368,thymus,UBERON:0002370,,,,,,,,,,,,,,,,,,
endocrine gland,UBERON:0002368,adrenal gland,UBERON:0002369,,,,,,,,,,,,,,,,,,
endocrine gland,UBERON:0002368,parathyroid gland,UBERON:0001132,,,,,,,,,,,,,,,,,,
endocrine gland,UBERON:0002368,corpus luteum,UBERON:0002512,,,,,,,,,,,,,,,,,,
gland of digestive tract,UBERON:0003408,oral gland,UBERON:0010047,parotid gland,UBERON:0001831,,,,,,,,,,,,,,,,
gland of digestive tract,UBERON:0003408,oral gland,UBERON:0010047,submandibular gland,UBERON:0001736,,,,,,,,,,,,,,,,
,,gonad,UBERON:0000991,,,,,,,,,,,,,,,,,,
gonad,UBERON:0000991,ovary,UBERON:0000992,secondary ovarian follicle,UBERON:0000036,,,,,,,,,,,,,,,,
gonad,UBERON:0000991,ovary,UBERON:0000992,ovarian follicle,UBERON:0001305,primordial ovarian follicle,UBERON:0003981,,,,,,,,,,,,,,
gonad,UBERON:0000991,ovary,UBERON:0000992,ovarian follicle,UBERON:0001305,primary ovarian follicle,UBERON:0000035,,,,,,,,,,,,,,
gonad,UBERON:0000991,ovary,UBERON:0000992,ovarian follicle,UBERON:0001305,mature ovarian follicle,UBERON:0003982,,,,,,,,,,,,,,
gonad,UBERON:0000991,ovary,UBERON:0000992,ovarian follicle,UBERON:0001305,mature ovarian follicle,UBERON:0003982,,,,,,,,,,,,,,
gonad,UBERON:0000991,ovary,UBERON:0000992,ovarian follicle,UBERON:0001305,follicular antrum,UBERON:0000039,,,,,,,,,,,,,,
gonad,UBERON:0000991,ovary,UBERON:0000992,ovarian cortex,UBERON:0013191,,,,,,,,,,,,,,,,
,,oviduct,UBERON:0000993,,,,,,,,,,,,,,,,,,
gonad,UBERON:0000991,testis,UBERON:0000473,,,,,,,,,,,,,,,,,,
gonad,UBERON:0000991,gonadal fat pad,UBERON:0003428,,,,,,,,,,,,,,,,,,
,,head,UBERON:0000033,subdivision of head,UBERON:0001444,top of head,UBERON:1000019,,,,,,,,,,,,,,
,,head,UBERON:0000033,scalp,UBERON:0000403,,,,,,,,,,,,,,,,
,,heart,UBERON:0000948,cardiac chamber,UBERON:0004151,cardiac ventricle,UBERON:0002082,heart right ventricle,UBERON:0002080,,,,,,,,,,,,
,,heart,UBERON:0000948,cardiac chamber,UBERON:0004151,cardiac ventricle,UBERON:0002082,heart left ventricle,UBERON:0002084,,,,,,,,,,,,
,,heart,UBERON:0000948,cardiac chamber,UBERON:0004151,cardiac atrium,UBERON:0002081,right cardiac atrium,UBERON:0002078,,,,,,,,,,,,
,,heart,UBERON:0000948,cardiac chamber,UBERON:0004151,cardiac atrium,UBERON:0002081,left cardiac atrium,UBERON:0002079,,,,,,,,,,,,
,,heart,UBERON:0000948,cardiac chamber,UBERON:0004151,cardiac atrium,UBERON:0002081,atrium auricular region,UBERON:0006618,,,,,,,,,,,,
,,heart,UBERON:0000948,cardiac septum,UBERON:0002099,interventricular septum,UBERON:0002094,,,,,,,,,,,,,,
,,heart,UBERON:0000948,apex of heart,UBERON:0002098,,,,,,,,,,,,,,,,
,,heart,UBERON:0000948,cardiac chamber,UBERON:0004151,myocardium of ventricle,UBERON:0001083,,,,,,,,,,,,,,
,,heart,UBERON:0000948,myocardium,UBERON:0002349,,,,,,,,,,,,,,,,
,,hemolymph,UBERON:0001011,,,,,,,,,,,,,,,,,,
,,intestine,UBERON:0000160,intestinal mucosa,UBERON:0001242,Peyer's patch,UBERON:0001211,,,,,,,,,,,,,,
,,intestine,UBERON:0000160,intestinal mucosa,UBERON:0001242,crypt of Lieberkuhn,UBERON:0001983,crypt of Lieberkuhn of small intestine,UBERON:0001241,,,,,,,,,,,,
,,intestine,UBERON:0000160,small intestine,UBERON:0002108,ileum,UBERON:0002116,ileal mucosa,UBERON:0000331,,,,,,,,,,,,
,,intestine,UBERON:0000160,small intestine,UBERON:0002108,duodenum,UBERON:0002114,,,,,,,,,,,,,,
,,intestine,UBERON:0000160,small intestine,UBERON:0002108,jejunum,UBERON:0002115,,,,,,,,,,,,,,
,,intestine,UBERON:0000160,small intestine,UBERON:0002108,lamina propria of small intestine,UBERON:0001238,,,,,,,,,,,,,,
,,intestine,UBERON:0000160,large intestine,UBERON:0000059,vermiform appendix,UBERON:0001154,,,,,,,,,,,,,,
,,intestine,UBERON:0000160,large intestine,UBERON:0000059,rectum,UBERON:0001052,,,,,,,,,,,,,,
,,intestine,UBERON:0000160,large intestine,UBERON:0000059,colon,UBERON:0001155,proximal-distal subdivision of colon,UBERON:0000168,sigmoid colon,UBERON:0001159,,,,,,,,,,
,,intestine,UBERON:0000160,large intestine,UBERON:0000059,colon,UBERON:0001155,proximal-distal subdivision of colon,UBERON:0000168,transverse colon,UBERON:0001157,,,,,,,,,,
,,intestine,UBERON:0000160,large intestine,UBERON:0000059,colon,UBERON:0001155,proximal-distal subdivision of colon,UBERON:0000168,ascending colon,UBERON:0001156,,,,,,,,,,
,,intestine,UBERON:0000160,large intestine,UBERON:0000059,colon,UBERON:0001155,proximal-distal subdivision of colon,UBERON:0000168,descending colon,UBERON:0001158,,,,,,,,,,
,,intestine,UBERON:0000160,large intestine,UBERON:0000059,colon,UBERON:0001155,proximal-distal subdivision of colon,UBERON:0000168,sigmoid colon,UBERON:0001159,,,,,,,,,,
,,intestine,UBERON:0000160,large intestine,UBERON:0000059,colon,UBERON:0001155,caecum,UBERON:0001153,,,,,,,,,,,,
,,intestine,UBERON:0000160,large intestine,UBERON:0000059,colon,UBERON:0001155,colonic epithelium,UBERON:0000397,,,,,,,,,,,,
,,intestine,UBERON:0000160,large intestine,UBERON:0000059,colon,UBERON:0001155,lamina propria of mucosa of colon,UBERON:0007177,,,,,,,,,,,,
,,intestine,UBERON:0000160,large intestine,UBERON:0000059,colorectum,UBERON:0012652,,,,,,,,,,,,,,
,,intestine,UBERON:0000160,rectosigmoid junction,UBERON:0036214,,,,,,,,,,,,,,,,
,,kidney,UBERON:0002113,head kidney,UBERON:0007132,,,,,,,,,,,,,,,,
,,kidney,UBERON:0002113,mesonephros,UBERON:0000080,,,,,,,,,,,,,,,,
,,kidney,UBERON:0002113,renal glomerulus,UBERON:0000074,,,,,,,,,,,,,,,,
,,kidney,UBERON:0002113,cortex of kidney,UBERON:0001225,juxtamedullary cortex,UBERON:0005271,,,,,,,,,,,,,,
,,kidney,UBERON:0002113,cortex of kidney,UBERON:0001225,outer cortex of kidney,UBERON:0002189,,,,,,,,,,,,,,
,,ligament,UBERON:0000211,,,,,,,,,,,,,,,,,,
,,limb,UBERON:0002101,limb segment,UBERON:0002529,autopod region,UBERON:0002470,autopodial extension,UBERON:0005881,digit,UBERON:0002544,"digit 2, 3 or 4",UBERON:0019222,digit 4,UBERON:0006051,,,,,,
,,limb,UBERON:0002101,hindlimb,UBERON:0002103,hindlimb muscle,UBERON:0003663,,,,,,,,,,,,,,
,,limb,UBERON:0002101,hindlimb,UBERON:0002103,leg,UBERON:0000978,knee,UBERON:0001465,,,,,,,,,,,,
,,limb bone,UBERON:0002428,head of femur,UBERON:0006767,,,,,,,,,,,,,,,,
,,liver,UBERON:0002107,,,,,,,,,,,,,,,,,,
,,liver,UBERON:0002107,intrahepatic bile duct,UBERON:0003704,,,,,,,,,,,,,,,,
,,lung,UBERON:0002048,lung bud,UBERON:0000118,,,,,,,,,,,,,,,,
,,lung,UBERON:0002048,lung parenchyma,UBERON:0008946,,,,,,,,,,,,,,,,
,,lung,UBERON:0002048,lung epithelium,UBERON:0000115,,,,,,,,,,,,,,,,
,,lung,UBERON:0002048,right lung,UBERON:0002167,middle lobe of right lung,UBERON:0002174,,,,,,,,,,,,,,
,,lung,UBERON:0002048,alveolus,UBERON:0003215,,,,,,,,,,,,,,,,
,,lung,UBERON:0002048,bronchiole,UBERON:0002186,,,,,,,,,,,,,,,,
,,lung,UBERON:0002048,alveolar system,UBERON:0006524,sputum,UBERON:0007311,,,,,,,,,,,,,,
lymphoid system,UBERON:0002465,lymph node,UBERON:0000029,abdominal lymph node,UBERON:0002507,visceral abdominal lymph node,UBERON:0015860,mesenteric lymph node,UBERON:0002509,,,,,,,,,,,,
lymphoid system,UBERON:0002465,lymph node,UBERON:0000029,peripheral lymph node,UBERON:0003968,axillary lymph node,UBERON:0001097,,,,,,,,,,,,,,
lymphoid system,UBERON:0002465,lymph node,UBERON:0000029,craniocervical lymph node,UBERON:0038849,,,,,,,,,,,,,,,,
lymphoid system,UBERON:0002465,lymphoid tissue,UBERON:0001744,,,,,,,,,,,,,,,,,,
,,mammary gland,UBERON:0001911,epithelium of mammary gland,UBERON:0003244,,,,,,,,,,,,,,,,
,,membranous layer,UBERON:0000158,extraembryonic membrane,UBERON:0005631,yolk sac,UBERON:0001040,,,,,,,,,,,,,,
,,membranous layer,UBERON:0000158,extraembryonic membrane,UBERON:0005631,allantois,UBERON:0004340,,,,,,,,,,,,,,
,,membranous layer,UBERON:0000158,extraembryonic membrane,UBERON:0005631,chorion membrane,UBERON:0003124,chorionic villus,UBERON:0007106,,,,,,,,,,,,
,,muscle tissue,UBERON:0002385,smooth muscle tissue,UBERON:0001135,,,,,,,,,,,,,,,,
,,musculature,UBERON:0001015,,,,,,,,,,,,,,,,,,
musculature,UBERON:0001015,muscle organ,UBERON:0001630,skeletal muscle organ,UBERON:0014892,limb muscle,UBERON:0003661,soleus muscle,UBERON:0001389,,,,,,,,,,,,
musculature,UBERON:0001015,muscle organ,UBERON:0001630,skeletal muscle organ,UBERON:0014892,limb muscle,UBERON:0003661,quadriceps femoris,UBERON:0001377,,,,,,,,,,,,
musculature,UBERON:0001015,muscle organ,UBERON:0001630,skeletal muscle organ,UBERON:0014892,limb muscle,UBERON:0003661,gastrocnemius,UBERON:0001388,,,,,,,,,,,,
musculature,UBERON:0001015,muscle organ,UBERON:0001630,respiratory system muscle,UBERON:0003831,diaphragm,UBERON:0001103,,,,,,,,,,,,,,
musculature,UBERON:0001015,muscle organ,UBERON:0001630,skeletal muscle organ,UBERON:0014892,,,,,,,,,,,,,,,,
musculature,UBERON:0001015,muscle organ,UBERON:0001630,extensor digitorum longus,UBERON:0001386,,,,,,,,,,,,,,,,
,,nerve,UBERON:0001021,tibial nerve,UBERON:0001323,,,,,,,,,,,,,,,,
nervous system,UBERON:0001016,central nervous system,UBERON:0001017,spinal cord,UBERON:0002240,,,,,,,,,,,,,,,,
nervous system,UBERON:0001016,ganglion,UBERON:0000045,sympathetic ganglion,UBERON:0001806,,,,,,,,,,,,,,,,
nervous system,UBERON:0001016,ganglionic eminence,UBERON:0004023,medial ganglionic eminence,UBERON:0004024,,,,,,,,,,,,,,,,
nervous system,UBERON:0001016,ganglionic eminence,UBERON:0004023,caudal ganglionic eminence,UBERON:0004026,,,,,,,,,,,,,,,,
nervous system,UBERON:0001016,neuron projection bundle,UBERON:0004904,neuron projection bundle connecting eye with brain,UBERON:0004904,,,,,,,,,,,,,,,,
,,gustatory organ,UBERON:0003212,taste bud,UBERON:0001727,,,,,,,,,,,,,,,,
olfactory system,UBERON:0005725,nose,UBERON:0000004,olfactory apparatus chamber,UBERON:0015788,nasal cavity mucosa,UBERON:0001826,olfactory segment of nasal mucosa,UBERON:0005386,,,,,,,,,,,,
,,nose,UBERON:0000004,nose epithelium,UBERON:0019306,nasal cavity epithelium,UBERON:0005384,,,,,,,,,,,,,,
,,nasal turbinal,UBERON:0035612,,,,,,,,,,,,,,,,,,
,,pancreas,UBERON:0001264,endocrine pancreas,UBERON:0000016,islet of Langerhans,UBERON:0000006,,,,,,,,,,,,,,
,,pancreas,UBERON:0001264,exocrine pancreas,UBERON:0000017,pancreatic acinus,UBERON:0001263,,,,,,,,,,,,,,
,,pancreas,UBERON:0001264,pancreatic duct,UBERON:0007329,,,,,,,,,,,,,,,,
,,peritoneum,UBERON:0002358,visceral peritoneum,UBERON:0001178,omentum,UBERON:0003688,,,,,,,,,,,,,,
,,penis,UBERON:0000989,skin of penis,UBERON:0001331,skin of prepuce of penis,UBERON:0001471,,,,,,,,,,,,,,
,,placenta,UBERON:0001987,decidua,UBERON:0002450,,,,,,,,,,,,,,,,
respiratory tract,UBERON:0000065,pleura,UBERON:0000977,,,,,,,,,,,,,,,,,,
renal system,UBERON:0001008,upper urinary tract,UBERON:0011143,ureter,UBERON:0000056,,,,,,,,,,,,,,,,
renal system,UBERON:0001008,lower urinary tract,UBERON:0001556,urethra,UBERON:0000057,epithelium of urethra,UBERON:0002325,,,,,,,,,,,,,,
renal system,UBERON:0001008,lower urinary tract,UBERON:0001556,periurethral tissue,UBERON:0009010,,,,,,,,,,,,,,,,
,,reproductive organ,UBERON:0003133,,,,,,,,,,,,,,,,,,
,,respiratory system,UBERON:0001004,gill,UBERON:0002535,,,,,,,,,,,,,,,,
,,rib,UBERON:0002228,,,,,,,,,,,,,,,,,,
,,saliva-secreting gland,UBERON:0001044,,,,,,,,,,,,,,,,,,
,,skeletal joint,UBERON:0000982,synovial joint,UBERON:0002217,synovial membrane of synovial joint,UBERON:0002018,,,,,,,,,,,,,,
,,skeletal joint,UBERON:0000982,meniscus,UBERON:0000387,,,,,,,,,,,,,,,,
,,skeletal joint,UBERON:0000982,intervertebral joint,UBERON:0001468,intervertebral disk,UBERON:0001066,nucleus pulposus,UBERON:0002242,,,,,,,,,,,,
,,skeletal joint,UBERON:0000982,knee joint,UBERON:0001485,anterior cruciate ligament of knee joint,UBERON:0003671,,,,,,,,,,,,,,
,,skeletal tissue,UBERON:0004755,annulus fibrosus,UBERON:0006444,,,,,,,,,,,,,,,,
,,skeletal tissue,UBERON:0004755,cartilage tissue,UBERON:0002418,,,,,,,,,,,,,,,,
,,skin of body,UBERON:0002097,skin epidermis,UBERON:0001003,nail,UBERON:0001705,,,,,,,,,,,,,,
,,skin of body,UBERON:0002097,zone of skin,UBERON:0000014,skin of trunk,UBERON:0001085,skin of back,UBERON:0001068,,,,,,,,,,,,
,,skin of body,UBERON:0002097,dermis,UBERON:0002067,,,,,,,,,,,,,,,,
,,spleen,UBERON:0002106,red pulp of spleen,UBERON:0001250,,,,,,,,,,,,,,,,
,,semen,UBERON:0001968,seminal fluid,UBERON:0006530,,,,,,,,,,,,,,,,
,,tail,UBERON:0002415,,,,,,,,,,,,,,,,,,
,,testis,UBERON:0000473,,,,,,,,,,,,,,,,,,
,,tendon,UBERON:0000043,,,,,,,,,,,,,,,,,,
respiratory tract,UBERON:0000065,trachea,UBERON:0003126,epithelium of trachea,UBERON:0001901,,,,,,,,,,,,,,,,
respiratory tract,UBERON:0000065,respiratory tract epithelium,UBERON:0004802,,,,,,,,,,,,,,,,,,
,,umbilical cord,UBERON:0002331,umbilical cord blood,UBERON:0012168,,,,,,,,,,,,,,,,
,,umbilical cord,UBERON:0002331,mesenchyme of umbilical cord,UBERON:0003422,,,,,,,,,,,,,,,,
,,urinary bladder,UBERON:0001255,,,,,,,,,,,,,,,,,,
renal system,UBERON:0001008,urine,UBERON:0001088,,,,,,,,,,,,,,,,,,
,,uterus,UBERON:0000995,uterine wall,UBERON:0000459,myometrium,UBERON:0001296,,,,,,,,,,,,,,
,,uterus,UBERON:0000995,uterine cervix,UBERON:0000002,,,,,,,,,,,,,,,,
,,uterus,UBERON:0000995,endometrium,UBERON:0001295,endometrial stroma,UBERON:0002337,,,,,,,,,,,,,,
,,vagina,UBERON:0000996,wall of vagina,UBERON:0036523,,,,,,,,,,,,,,,,
,,vasculature,UBERON:0002049,,,,,,,,,,,,,,,,,,
,,viscus,UBERON:0002075,peritoneal cavity,UBERON:0001179,,,,,,,,,,,,,,,,
